,Survived,Pclass,Sex,Age,SibSp,Parch,Fare,FamilySize,IsAlone,AgeGroup,Title,Embarked_C,Embarked_Q,Embarked_S
0,0,3,0,22,1,0,7.25,1,1,"[20, 40)",Mr,0,0,1
1,1,1,1,38,1,0,71.283302,1,1,"[20, 40)",Mrs,1,0,0
2,1,3,1,26,0,0,7.9250002,0,0,"[20, 40)",Miss,0,0,1
3,1,1,1,35,1,0,53.099998,1,1,"[20, 40)",Mrs,0,0,1
4,0,3,0,35,0,0,8.0500002,0,0,"[20, 40)",Mr,0,0,1
5,0,3,0,24,0,0,8.4582996,0,0,"[20, 40)",Mr,0,1,0
6,0,1,0,54,0,0,51.862499,0,0,"[40, 60)",Mr,0,0,1
7,0,3,0,2,3,1,21.075001,4,0,"[0, 20)",Master,0,0,1
8,1,3,1,27,0,2,11.1333,2,0,"[20, 40)",Mrs,0,0,1
9,1,2,1,14,1,0,30.070801,1,1,"[0, 20)",Mrs,1,0,0
10,1,3,1,4,1,1,16.700001,2,0,"[0, 20)",Miss,0,0,1
11,1,1,1,58,0,0,26.549999,0,0,"[40, 60)",Miss,0,0,1
12,0,3,0,20,0,0,8.0500002,0,0,"[20, 40)",Mr,0,0,1
13,0,3,0,39,1,5,31.275,6,0,"[20, 40)",Mr,0,0,1
14,0,3,1,14,0,0,7.8541999,0,0,"[0, 20)",Miss,0,0,1
15,1,2,1,55,0,0,16.0,0,0,"[40, 60)",Mrs,0,0,1
16,0,3,0,2,4,1,29.125,5,0,"[0, 20)",Master,0,1,0
17,1,2,0,31,0,0,13.0,0,0,"[20, 40)",Mr,0,0,1
18,0,3,1,31,1,0,18.0,1,1,"[20, 40)",Mrs,0,0,1
19,1,3,1,29,0,0,7.2249999,0,0,"[20, 40)",Mrs,1,0,0
20,0,2,0,35,0,0,26.0,0,0,"[20, 40)",Mr,0,0,1
21,1,2,0,34,0,0,13.0,0,0,"[20, 40)",Mr,0,0,1
22,1,3,1,15,0,0,8.0291996,0,0,"[0, 20)",Miss,0,1,0
23,1,1,0,28,0,0,35.5,0,0,"[20, 40)",Mr,0,0,1
24,0,3,1,8,3,1,21.075001,4,0,"[0, 20)",Miss,0,0,1
25,1,3,1,38,1,5,31.387501,6,0,"[20, 40)",Mrs,0,0,1
26,0,3,0,29,0,0,7.2249999,0,0,"[20, 40)",Mr,1,0,0
27,0,1,0,19,3,2,263.0,5,0,"[0, 20)",Mr,0,0,1
28,1,3,1,22,0,0,7.8792,0,0,"[20, 40)",Miss,0,1,0
29,0,3,0,27,0,0,7.8958001,0,0,"[20, 40)",Mr,0,0,1
30,0,1,0,40,0,0,27.7208,0,0,"[40, 60)",Valued Profession,1,0,0
31,1,1,1,35,1,0,146.5208,1,1,"[20, 40)",Mrs,1,0,0
32,1,3,1,35,0,0,7.75,0,0,"[20, 40)",Miss,0,1,0
33,0,2,0,66,0,0,10.5,0,0,"[60, 80)",Mr,0,0,1
34,0,1,0,28,1,0,82.170799,1,1,"[20, 40)",Mr,1,0,0
35,0,1,0,42,1,0,52.0,1,1,"[40, 60)",Mr,0,0,1
36,1,3,0,22,0,0,7.2291999,0,0,"[20, 40)",Mr,1,0,0
37,0,3,0,21,0,0,8.0500002,0,0,"[20, 40)",Mr,0,0,1
38,0,3,1,18,2,0,18.0,2,0,"[0, 20)",Miss,0,0,1
39,1,3,1,14,1,0,11.2417,1,1,"[0, 20)",Miss,1,0,0
40,0,3,1,40,1,0,9.4750004,1,1,"[40, 60)",Mrs,0,0,1
41,0,2,1,27,1,0,21.0,1,1,"[20, 40)",Mrs,0,0,1
42,0,3,0,27,0,0,7.8958001,0,0,"[20, 40)",Mr,1,0,0
43,1,2,1,3,1,2,41.579201,3,0,"[0, 20)",Miss,1,0,0
44,1,3,1,19,0,0,7.8792,0,0,"[0, 20)",Miss,0,1,0
45,0,3,0,30,0,0,8.0500002,0,0,"[20, 40)",Mr,0,0,1
46,0,3,0,33,1,0,15.5,1,1,"[20, 40)",Mr,0,1,0
47,1,3,1,35,0,0,7.75,0,0,"[20, 40)",Miss,0,1,0
48,0,3,0,22,2,0,21.679199,2,0,"[20, 40)",Mr,1,0,0
49,0,3,1,18,1,0,17.799999,1,1,"[0, 20)",Mrs,0,0,1
50,0,3,0,7,4,1,39.6875,5,0,"[0, 20)",Master,0,0,1
51,0,3,0,21,0,0,7.8000002,0,0,"[20, 40)",Mr,0,0,1
52,1,1,1,49,1,0,76.729202,1,1,"[40, 60)",Mrs,1,0,0
53,1,2,1,29,1,0,26.0,1,1,"[20, 40)",Mrs,0,0,1
54,0,1,0,65,0,1,61.979198,1,1,"[60, 80)",Mr,1,0,0
55,1,1,0,42,0,0,35.5,0,0,"[40, 60)",Mr,0,0,1
56,1,2,1,21,0,0,10.5,0,0,"[20, 40)",Miss,0,0,1
57,0,3,0,28,0,0,7.2291999,0,0,"[20, 40)",Mr,1,0,0
58,1,2,1,5,1,2,27.75,3,0,"[0, 20)",Miss,0,0,1
59,0,3,0,11,5,2,46.900002,7,0,"[0, 20)",Master,0,0,1
60,0,3,0,22,0,0,7.2291999,0,0,"[20, 40)",Mr,1,0,0
61,0,1,0,45,1,0,83.474998,1,1,"[40, 60)",Mr,0,0,1
62,0,3,0,4,3,2,27.9,5,0,"[0, 20)",Master,0,0,1
63,0,1,0,40,0,0,27.7208,0,0,"[40, 60)",Mr,1,0,0
64,1,3,0,17,1,1,15.2458,2,0,"[0, 20)",Master,1,0,0
65,0,2,0,25,0,0,13.0,0,0,"[20, 40)",Mr,0,0,1
66,0,2,0,23,0,0,15.0458,0,0,"[20, 40)",Mr,1,0,0
67,1,1,1,19,0,2,26.2833,2,0,"[0, 20)",Miss,0,0,1
68,0,1,0,37,1,0,53.099998,1,1,"[20, 40)",Mr,0,0,1
69,0,3,0,16,0,0,9.2166996,0,0,"[0, 20)",Mr,0,0,1
70,0,1,0,24,0,0,79.199997,0,0,"[20, 40)",Mr,1,0,0
71,0,3,1,26,0,2,15.2458,2,0,"[20, 40)",Mrs,1,0,0
72,1,3,1,22,0,0,7.75,0,0,"[20, 40)",Miss,0,0,1
73,1,3,1,24,1,0,15.85,1,1,"[20, 40)",Mrs,0,0,1
74,0,3,0,19,0,0,6.75,0,0,"[0, 20)",Mr,0,1,0
75,0,2,0,18,0,0,11.5,0,0,"[0, 20)",Mr,0,0,1
76,0,2,0,19,1,1,36.75,2,0,"[0, 20)",Mr,0,0,1
77,1,3,0,27,0,0,7.7958002,0,0,"[20, 40)",Mr,0,0,1
78,0,3,1,9,2,2,34.375,4,0,"[0, 20)",Miss,0,0,1
79,0,2,0,36,0,2,26.0,2,0,"[20, 40)",Mr,0,0,1
80,0,2,0,42,0,0,13.0,0,0,"[40, 60)",Valued Profession,0,0,1
81,0,2,0,51,0,0,12.525,0,0,"[40, 60)",Valued Profession,0,0,1
82,1,1,1,22,1,0,66.599998,1,1,"[20, 40)",Mrs,0,0,1
83,0,3,0,55,0,0,8.0500002,0,0,"[40, 60)",Mr,0,0,1
84,0,3,0,40,0,2,14.5,2,0,"[40, 60)",Mr,0,0,1
85,0,3,0,30,0,0,7.3125,0,0,"[20, 40)",Mr,0,0,1
86,0,1,0,51,0,1,61.3792,1,1,"[40, 60)",Mr,1,0,0
87,1,3,1,16,0,0,7.7333002,0,0,"[0, 20)",Miss,0,1,0
88,0,3,0,30,0,0,8.0500002,0,0,"[20, 40)",Mr,0,0,1
89,0,3,0,26,0,0,8.6625004,0,0,"[20, 40)",Mr,0,0,1
90,0,3,0,11,8,2,69.550003,10,0,"[0, 20)",Master,0,0,1
91,0,3,0,44,0,1,16.1,1,1,"[40, 60)",Mr,0,0,1
92,1,2,1,40,0,0,15.75,0,0,"[40, 60)",Mrs,0,0,1
93,0,3,0,26,0,0,7.7750001,0,0,"[20, 40)",Mr,0,0,1
94,0,3,0,17,0,0,8.6625004,0,0,"[0, 20)",Mr,0,0,1
95,0,3,0,1,4,1,39.6875,5,0,"[0, 20)",Master,0,0,1
96,1,3,0,9,0,2,20.525,2,0,"[0, 20)",Master,0,0,1
97,1,1,1,26,0,1,55.0,1,1,"[20, 40)",Mrs,0,0,1
98,0,3,1,45,1,4,27.9,5,0,"[40, 60)",Mrs,0,0,1
99,0,1,0,49,0,0,25.924999,0,0,"[40, 60)",Mr,0,0,1
100,0,3,0,28,0,0,56.4958,0,0,"[20, 40)",Mr,0,0,1
101,0,1,0,61,0,0,33.5,0,0,"[60, 80)",Mr,0,0,1
102,0,3,0,4,4,1,29.125,5,0,"[0, 20)",Master,0,1,0
103,1,3,1,1,1,1,11.1333,2,0,"[0, 20)",Miss,0,0,1
104,0,3,0,21,0,0,7.9250002,0,0,"[20, 40)",Mr,0,0,1
105,0,1,0,56,0,0,30.695801,0,0,"[40, 60)",Mr,1,0,0
106,0,3,0,18,1,1,7.8541999,2,0,"[0, 20)",Mr,0,0,1
107,0,3,0,6,3,1,25.4667,4,0,"[0, 20)",Master,0,0,1
108,0,1,1,50,0,0,28.7125,0,0,"[40, 60)",Miss,1,0,0
109,0,2,0,30,0,0,13.0,0,0,"[20, 40)",Mr,0,0,1
110,0,3,0,36,0,0,0.0,0,0,"[20, 40)",Mr,0,0,1
111,0,3,1,11,8,2,69.550003,10,0,"[0, 20)",Miss,0,0,1
112,0,2,0,30,0,0,15.05,0,0,"[20, 40)",Mr,1,0,0
113,0,3,0,9,4,2,31.387501,6,0,"[0, 20)",Master,0,0,1
114,1,2,0,1,2,1,39.0,3,0,"[0, 20)",Master,0,0,1
115,1,3,1,4,0,2,22.025,2,0,"[0, 20)",Miss,0,0,1
116,0,1,0,44,0,0,50.0,0,0,"[40, 60)",Mr,0,0,1
117,1,3,1,33,1,0,15.5,1,1,"[20, 40)",Mrs,0,1,0
118,1,1,0,45,0,0,26.549999,0,0,"[40, 60)",Mr,0,0,1
119,0,3,0,40,1,1,15.5,2,0,"[40, 60)",Mr,0,1,0
120,0,3,0,36,0,0,7.8958001,0,0,"[20, 40)",Mr,0,0,1
121,1,2,1,32,0,0,13.0,0,0,"[20, 40)",Mrs,0,0,1
122,0,2,0,19,0,0,13.0,0,0,"[0, 20)",Mr,0,0,1
123,1,3,1,19,1,0,7.8541999,1,1,"[0, 20)",Miss,0,0,1
124,1,2,0,3,1,1,26.0,2,0,"[0, 20)",Master,0,0,1
125,1,1,1,44,0,0,27.7208,0,0,"[40, 60)",Mrs,1,0,0
126,1,1,1,58,0,0,146.5208,0,0,"[40, 60)",Miss,1,0,0
127,0,3,0,35,0,0,7.75,0,0,"[20, 40)",Mr,0,1,0
128,0,3,0,42,0,1,8.4041996,1,1,"[40, 60)",Mr,0,0,1
129,1,3,1,35,0,0,7.75,0,0,"[20, 40)",Miss,0,1,0
130,0,2,1,24,0,0,13.0,0,0,"[20, 40)",Miss,0,0,1
131,0,3,0,28,0,0,9.5,0,0,"[20, 40)",Mr,0,0,1
132,0,3,0,11,8,2,69.550003,10,0,"[0, 20)",Mr,0,0,1
133,0,3,0,34,0,0,6.4958,0,0,"[20, 40)",Mr,0,0,1
134,0,3,0,45,0,0,7.2249999,0,0,"[40, 60)",Mr,1,0,0
135,1,3,0,18,0,0,8.0500002,0,0,"[0, 20)",Mr,0,0,1
136,0,3,1,2,0,1,10.4625,1,1,"[0, 20)",Miss,0,0,1
137,0,3,0,32,1,0,15.85,1,1,"[20, 40)",Mr,0,0,1
138,1,3,0,26,0,0,18.7875,0,0,"[20, 40)",Mr,1,0,0
139,1,3,1,16,0,0,7.75,0,0,"[0, 20)",Miss,0,1,0
140,1,1,0,40,0,0,31.0,0,0,"[40, 60)",Mr,1,0,0
141,0,3,0,24,0,0,7.0500002,0,0,"[20, 40)",Mr,0,0,1
142,1,2,1,35,0,0,21.0,0,0,"[20, 40)",Miss,0,0,1
143,0,3,0,22,0,0,7.25,0,0,"[20, 40)",Mr,0,0,1
144,0,2,0,30,0,0,13.0,0,0,"[20, 40)",Mr,0,0,1
145,0,3,0,30,1,0,7.75,1,1,"[20, 40)",Mr,0,1,0
146,1,1,1,31,1,0,113.275,1,1,"[20, 40)",Miss,1,0,0
147,1,3,1,27,0,0,7.9250002,0,0,"[20, 40)",Miss,0,0,1
148,0,2,0,42,1,0,27.0,1,1,"[40, 60)",Mr,0,0,1
149,1,1,1,32,0,0,76.291702,0,0,"[20, 40)",Miss,1,0,0
150,0,2,0,30,0,0,10.5,0,0,"[20, 40)",Mr,0,0,1
151,1,3,0,16,0,0,8.0500002,0,0,"[0, 20)",Mr,0,0,1
152,0,2,0,27,0,0,13.0,0,0,"[20, 40)",Mr,0,0,1
153,0,3,0,51,0,0,8.0500002,0,0,"[40, 60)",Mr,0,0,1
154,0,3,0,27,0,0,7.8958001,0,0,"[20, 40)",Mr,0,0,1
155,1,1,0,38,1,0,90.0,1,1,"[20, 40)",Mr,0,0,1
156,0,3,0,22,0,0,9.3500004,0,0,"[20, 40)",Mr,0,0,1
157,1,2,0,19,0,0,10.5,0,0,"[0, 20)",Mr,0,0,1
158,0,3,0,20,0,0,7.25,0,0,"[20, 40)",Mr,0,0,1
159,0,2,0,18,0,0,13.0,0,0,"[0, 20)",Mr,0,0,1
160,0,3,1,6,3,1,25.4667,4,0,"[0, 20)",Miss,0,0,1
161,1,1,1,35,1,0,83.474998,1,1,"[20, 40)",Mrs,0,0,1
162,0,3,0,29,0,0,7.7750001,0,0,"[20, 40)",Mr,0,0,1
163,0,2,0,59,0,0,13.5,0,0,"[40, 60)",Mr,0,0,1
164,1,3,1,5,4,2,31.387501,6,0,"[0, 20)",Miss,0,0,1
165,0,2,0,24,0,0,10.5,0,0,"[20, 40)",Mr,0,0,1
166,0,3,1,32,0,0,7.5500002,0,0,"[20, 40)",Miss,0,0,1
167,0,2,0,44,1,0,26.0,1,1,"[40, 60)",Mr,0,0,1
168,1,2,1,8,0,2,26.25,2,0,"[0, 20)",Miss,0,0,1
169,0,2,0,19,0,0,10.5,0,0,"[0, 20)",Mr,0,0,1
170,0,2,0,33,0,0,12.275,0,0,"[20, 40)",Mr,0,0,1
171,0,3,1,20,1,0,14.4542,1,1,"[20, 40)",Miss,1,0,0
172,1,3,1,33,1,0,15.5,1,1,"[20, 40)",Miss,0,1,0
173,0,2,0,29,0,0,10.5,0,0,"[20, 40)",Mr,0,0,1
174,0,3,0,22,0,0,7.125,0,0,"[20, 40)",Mr,0,0,1
175,0,3,0,30,0,0,7.2249999,0,0,"[20, 40)",Mr,1,0,0
176,0,1,0,44,2,0,90.0,2,0,"[40, 60)",Valued Profession,0,1,0
177,0,3,1,25,0,0,7.7750001,0,0,"[20, 40)",Miss,0,0,1
178,1,2,1,24,0,2,14.5,2,0,"[20, 40)",Mrs,0,0,1
179,1,1,0,37,1,1,52.554199,2,0,"[20, 40)",Mr,0,0,1
180,0,2,0,54,1,0,26.0,1,1,"[40, 60)",Valued Profession,0,0,1
181,0,3,0,30,0,0,7.25,0,0,"[20, 40)",Mr,0,0,1
182,0,3,1,29,1,1,10.4625,2,0,"[20, 40)",Mrs,0,0,1
183,0,1,0,62,0,0,26.549999,0,0,"[60, 80)",Mr,0,0,1
184,0,3,0,30,1,0,16.1,1,1,"[20, 40)",Mr,0,0,1
185,0,3,1,41,0,2,20.2125,2,0,"[40, 60)",Mrs,0,0,1
186,1,3,1,29,0,2,15.2458,2,0,"[20, 40)",Mrs,1,0,0
187,1,1,1,34,0,0,79.199997,0,0,"[20, 40)",Mrs,1,0,0
188,1,1,1,30,0,0,86.5,0,0,"[20, 40)",Miss,0,0,1
189,1,1,1,35,0,0,512.32922,0,0,"[20, 40)",Miss,1,0,0
190,1,2,1,50,0,1,26.0,1,1,"[40, 60)",Mrs,0,0,1
191,0,3,0,35,0,0,7.75,0,0,"[20, 40)",Mr,0,1,0
192,1,3,0,3,4,2,31.387501,6,0,"[0, 20)",Master,0,0,1
193,0,1,0,52,1,1,79.650002,2,0,"[40, 60)",Mr,0,0,1
194,0,1,0,40,0,0,0.0,0,0,"[40, 60)",Mr,0,0,1
195,0,3,1,35,0,0,7.75,0,0,"[20, 40)",Miss,0,1,0
196,0,2,0,36,0,0,10.5,0,0,"[20, 40)",Mr,0,0,1
197,0,3,0,16,4,1,39.6875,5,0,"[0, 20)",Mr,0,0,1
198,1,3,0,25,1,0,7.7750001,1,1,"[20, 40)",Mr,0,0,1
199,1,1,1,58,0,1,153.46249,1,1,"[40, 60)",Mrs,0,0,1
200,1,1,1,35,0,0,135.6333,0,0,"[20, 40)",Miss,0,0,1
201,0,1,0,36,0,0,31.0,0,0,"[20, 40)",Mr,0,0,1
202,1,3,0,25,0,0,0.0,0,0,"[20, 40)",Mr,0,0,1
203,1,2,1,41,0,1,19.5,1,1,"[40, 60)",Mrs,0,0,1
204,0,1,0,37,0,1,29.700001,1,1,"[20, 40)",Mr,1,0,0
205,1,3,1,35,0,0,7.75,0,0,"[20, 40)",Miss,0,1,0
206,1,1,1,63,1,0,77.958298,1,1,"[60, 80)",Miss,0,0,1
207,0,3,1,45,0,0,7.75,0,0,"[40, 60)",Miss,0,0,1
208,0,2,0,35,0,0,0.0,0,0,"[20, 40)",Mr,0,0,1
209,0,3,0,7,4,1,29.125,5,0,"[0, 20)",Master,0,1,0
210,1,3,1,35,1,1,20.25,2,0,"[20, 40)",Mrs,0,0,1
211,0,3,0,65,0,0,7.75,0,0,"[60, 80)",Mr,0,1,0
212,0,3,0,28,0,0,7.8541999,0,0,"[20, 40)",Mr,0,0,1
213,0,3,0,16,0,0,9.5,0,0,"[0, 20)",Mr,0,0,1
214,1,3,0,19,0,0,8.0500002,0,0,"[0, 20)",Mr,0,0,1
215,0,1,0,57,0,0,26.0,0,0,"[40, 60)",Mr,0,0,1
216,0,3,0,33,0,0,8.6625004,0,0,"[20, 40)",Mr,1,0,0
217,1,3,0,30,0,0,9.5,0,0,"[20, 40)",Mr,0,0,1
218,0,3,0,22,0,0,7.8958001,0,0,"[20, 40)",Mr,0,0,1
219,1,2,0,42,0,0,13.0,0,0,"[40, 60)",Mr,0,0,1
220,1,3,1,22,0,0,7.75,0,0,"[20, 40)",Miss,0,1,0
221,1,1,1,26,0,0,78.849998,0,0,"[20, 40)",Miss,0,0,1
222,1,1,1,19,1,0,91.079201,1,1,"[0, 20)",Mrs,1,0,0
223,0,2,0,36,0,0,12.875,0,0,"[20, 40)",Mr,1,0,0
224,0,3,1,24,0,0,8.8500004,0,0,"[20, 40)",Miss,0,0,1
225,0,3,0,24,0,0,7.8958001,0,0,"[20, 40)",Mr,0,0,1
226,0,1,0,40,0,0,27.7208,0,0,"[40, 60)",Mr,1,0,0
227,0,3,0,23,0,0,7.2291999,0,0,"[20, 40)",Mr,1,0,0
228,0,1,1,2,1,2,151.55,3,0,"[0, 20)",Miss,0,0,1
229,1,1,0,41,0,0,30.5,0,0,"[40, 60)",Mr,0,0,1
230,1,1,1,50,0,1,247.5208,1,1,"[40, 60)",Mrs,1,0,0
231,1,3,1,35,0,0,7.75,0,0,"[20, 40)",Miss,0,1,0
232,1,3,0,22,2,0,23.25,2,0,"[20, 40)",Mr,0,1,0
233,0,3,0,19,0,0,0.0,0,0,"[0, 20)",Mr,0,0,1
234,1,2,1,42,0,0,12.35,0,0,"[40, 60)",Miss,0,1,0
235,0,3,0,30,0,0,8.0500002,0,0,"[20, 40)",Mr,0,0,1
236,1,1,0,0,1,2,151.55,3,0,"[0, 20)",Master,0,0,1
237,1,1,1,28,0,0,110.8833,0,0,"[20, 40)",Miss,1,0,0
238,1,1,1,17,1,0,108.9,1,1,"[0, 20)",Mrs,1,0,0
239,0,2,0,30,1,0,24.0,1,1,"[20, 40)",Mr,1,0,0
240,1,1,1,30,0,0,56.929199,0,0,"[20, 40)",Miss,1,0,0
241,1,1,1,24,0,0,83.158302,0,0,"[20, 40)",Miss,1,0,0
242,1,1,1,18,2,2,262.375,4,0,"[0, 20)",Miss,1,0,0
243,0,2,1,26,1,1,26.0,2,0,"[20, 40)",Mrs,0,0,1
244,0,3,0,28,0,0,7.8958001,0,0,"[20, 40)",Mr,0,0,1
245,0,2,0,43,1,1,26.25,2,0,"[40, 60)",Mr,0,0,1
246,1,3,1,26,0,0,7.8541999,0,0,"[20, 40)",Miss,0,0,1
247,1,2,1,24,1,0,26.0,1,1,"[20, 40)",Mrs,0,0,1
248,0,2,0,54,0,0,14.0,0,0,"[40, 60)",Valued Profession,0,0,1
249,1,1,1,31,0,2,164.8667,2,0,"[20, 40)",Miss,0,0,1
250,1,1,1,40,1,1,134.5,2,0,"[40, 60)",Mrs,1,0,0
251,0,3,0,22,0,0,7.25,0,0,"[20, 40)",Mr,0,0,1
252,0,3,0,27,0,0,7.8958001,0,0,"[20, 40)",Mr,0,0,1
253,1,2,1,30,0,0,12.35,0,0,"[20, 40)",Miss,0,1,0
254,1,2,1,22,1,1,29.0,2,0,"[20, 40)",Mrs,0,0,1
255,0,3,0,11,8,2,69.550003,10,0,"[0, 20)",Mr,0,0,1
256,1,1,1,36,0,0,135.6333,0,0,"[20, 40)",Miss,1,0,0
257,0,3,0,61,0,0,6.2375002,0,0,"[60, 80)",Mr,0,0,1
258,1,2,1,36,0,0,13.0,0,0,"[20, 40)",Mrs,0,0,1
259,1,3,1,31,1,1,20.525,2,0,"[20, 40)",Mrs,0,0,1
260,1,1,1,16,0,1,57.979198,1,1,"[0, 20)",Miss,1,0,0
261,1,3,1,22,2,0,23.25,2,0,"[20, 40)",Miss,0,1,0
262,0,1,0,45,0,0,28.5,0,0,"[40, 60)",Mr,0,0,1
263,0,1,0,38,0,1,153.46249,1,1,"[20, 40)",Mr,0,0,1
264,0,3,0,16,2,0,18.0,2,0,"[0, 20)",Mr,0,0,1
265,1,1,1,30,1,0,133.64999,1,1,"[20, 40)",Mrs,0,0,1
266,0,3,0,27,0,0,7.8958001,0,0,"[20, 40)",Mr,0,0,1
267,0,1,0,29,1,0,66.599998,1,1,"[20, 40)",Mr,0,0,1
268,1,1,1,41,0,0,134.5,0,0,"[40, 60)",Miss,1,0,0
269,1,3,0,45,0,0,8.0500002,0,0,"[40, 60)",Mr,0,0,1
270,0,1,0,45,0,0,35.5,0,0,"[40, 60)",Mr,0,0,1
271,1,2,0,2,1,1,26.0,2,0,"[0, 20)",Master,0,0,1
272,1,1,1,24,3,2,263.0,5,0,"[20, 40)",Miss,0,0,1
273,0,2,0,28,0,0,13.0,0,0,"[20, 40)",Mr,0,0,1
274,0,2,0,25,0,0,13.0,0,0,"[20, 40)",Mr,0,0,1
275,0,2,0,36,0,0,13.0,0,0,"[20, 40)",Mr,0,0,1
276,1,2,1,24,0,0,13.0,0,0,"[20, 40)",Miss,0,0,1
277,1,2,1,40,0,0,13.0,0,0,"[40, 60)",Miss,0,0,1
278,1,3,1,26,1,0,16.1,1,1,"[20, 40)",Mrs,0,0,1
279,1,3,0,3,1,1,15.9,2,0,"[0, 20)",Master,0,0,1
280,0,3,0,42,0,0,8.6625004,0,0,"[40, 60)",Mr,0,0,1
281,0,3,0,23,0,0,9.2250004,0,0,"[20, 40)",Mr,0,0,1
282,0,1,0,60,0,0,35.0,0,0,"[60, 80)",Mr,0,0,1
283,0,3,0,15,1,1,7.2291999,2,0,"[0, 20)",Mr,1,0,0
284,0,3,0,25,1,0,17.799999,1,1,"[20, 40)",Mr,0,0,1
285,0,3,0,29,0,0,7.2249999,0,0,"[20, 40)",Mr,1,0,0
286,0,3,0,28,0,0,9.5,0,0,"[20, 40)",Mr,0,0,1
287,1,1,1,22,0,1,55.0,1,1,"[20, 40)",Miss,0,0,1
288,0,2,1,38,0,0,13.0,0,0,"[20, 40)",Miss,0,0,1
289,1,3,1,22,0,0,7.8792,0,0,"[20, 40)",Miss,0,1,0
290,1,3,1,22,0,0,7.8792,0,0,"[20, 40)",Miss,0,1,0
291,0,3,0,40,1,4,27.9,5,0,"[40, 60)",Mr,0,0,1
292,0,2,0,29,1,0,27.7208,1,1,"[20, 40)",Mr,1,0,0
293,0,3,1,45,0,1,14.4542,1,1,"[40, 60)",Mrs,1,0,0
294,0,3,0,35,0,0,7.0500002,0,0,"[20, 40)",Mr,0,0,1
295,0,3,0,33,1,0,15.5,1,1,"[20, 40)",Mr,0,1,0
296,0,3,0,30,0,0,7.25,0,0,"[20, 40)",Mr,0,0,1
297,1,1,1,60,1,0,75.25,1,1,"[60, 80)",Mrs,1,0,0
298,1,3,1,22,0,0,7.2291999,0,0,"[20, 40)",Mrs,1,0,0
299,1,3,1,35,0,0,7.75,0,0,"[20, 40)",Miss,0,1,0
300,1,1,1,24,0,0,69.300003,0,0,"[20, 40)",Mrs,1,0,0
301,1,1,0,25,1,0,55.4417,1,1,"[20, 40)",Mr,1,0,0
302,0,3,0,18,1,0,6.4958,1,1,"[0, 20)",Mr,0,0,1
303,0,3,0,19,0,0,8.0500002,0,0,"[0, 20)",Mr,0,0,1
304,0,1,0,22,0,0,135.6333,0,0,"[20, 40)",Mr,1,0,0
305,0,3,1,3,3,1,21.075001,4,0,"[0, 20)",Miss,0,0,1
306,1,1,1,31,1,0,82.170799,1,1,"[20, 40)",Mrs,1,0,0
307,1,3,1,22,0,0,7.25,0,0,"[20, 40)",Miss,0,0,1
308,0,1,0,27,0,2,211.5,2,0,"[20, 40)",Mr,1,0,0
309,0,3,0,20,0,0,4.0124998,0,0,"[20, 40)",Mr,1,0,0
310,0,3,0,19,0,0,7.7750001,0,0,"[0, 20)",Mr,0,0,1
311,1,1,1,42,0,0,227.52499,0,0,"[40, 60)",Miss,1,0,0
312,1,3,1,1,0,2,15.7417,2,0,"[0, 20)",Miss,1,0,0
313,0,3,0,32,0,0,7.9250002,0,0,"[20, 40)",Mr,0,0,1
314,1,1,1,35,1,0,52.0,1,1,"[20, 40)",Mrs,0,0,1
315,0,3,0,27,0,0,7.8958001,0,0,"[20, 40)",Mr,0,0,1
316,0,2,0,18,0,0,73.5,0,0,"[0, 20)",Mr,0,0,1
317,0,3,0,1,5,2,46.900002,7,0,"[0, 20)",Master,0,0,1
318,1,2,1,36,0,0,13.0,0,0,"[20, 40)",Miss,0,0,1
319,0,3,0,20,0,0,7.7291999,0,0,"[20, 40)",Mr,0,1,0
320,1,2,1,17,0,0,12.0,0,0,"[0, 20)",Miss,1,0,0
321,1,1,0,36,1,2,120.0,3,0,"[20, 40)",Mr,0,0,1
322,1,3,0,21,0,0,7.7958002,0,0,"[20, 40)",Mr,0,0,1
323,0,3,0,28,2,0,7.9250002,2,0,"[20, 40)",Mr,0,0,1
324,1,1,1,23,1,0,113.275,1,1,"[20, 40)",Miss,1,0,0
325,1,3,1,24,0,2,16.700001,2,0,"[20, 40)",Mrs,0,0,1
326,0,3,0,22,0,0,7.7958002,0,0,"[20, 40)",Mr,0,0,1
327,0,3,1,31,0,0,7.8541999,0,0,"[20, 40)",Miss,0,0,1
328,0,2,0,46,0,0,26.0,0,0,"[40, 60)",Mr,0,0,1
329,0,2,0,23,0,0,10.5,0,0,"[20, 40)",Valued Profession,0,0,1
330,1,2,1,28,0,0,12.65,0,0,"[20, 40)",Mrs,0,0,1
331,1,3,0,39,0,0,7.9250002,0,0,"[20, 40)",Mr,0,0,1
332,0,3,0,26,0,0,8.0500002,0,0,"[20, 40)",Mr,0,0,1
333,0,3,1,21,1,0,9.8249998,1,1,"[20, 40)",Miss,0,0,1
334,0,3,0,28,1,0,15.85,1,1,"[20, 40)",Mr,0,0,1
335,0,3,1,20,0,0,8.6625004,0,0,"[20, 40)",Miss,0,0,1
336,0,2,0,34,1,0,21.0,1,1,"[20, 40)",Mr,0,0,1
337,0,3,0,51,0,0,7.75,0,0,"[40, 60)",Mr,0,0,1
338,1,2,0,3,1,1,18.75,2,0,"[0, 20)",Master,0,0,1
339,0,3,0,21,0,0,7.7750001,0,0,"[20, 40)",Mr,0,0,1
340,0,3,1,6,3,1,25.4667,4,0,"[0, 20)",Miss,0,0,1
341,0,3,0,27,0,0,7.8958001,0,0,"[20, 40)",Mr,0,0,1
342,0,3,0,21,0,0,6.8583002,0,0,"[20, 40)",Mr,0,1,0
343,1,1,1,33,1,0,90.0,1,1,"[20, 40)",Miss,0,1,0
344,0,2,0,35,0,0,0.0,0,0,"[20, 40)",Mr,0,0,1
345,1,3,0,44,0,0,7.9250002,0,0,"[40, 60)",Mr,0,0,1
346,0,3,1,30,0,0,8.0500002,0,0,"[20, 40)",Mrs,0,0,1
347,1,2,1,34,1,1,32.5,2,0,"[20, 40)",Mrs,0,0,1
348,1,2,1,18,0,2,13.0,2,0,"[0, 20)",Miss,0,0,1
349,0,2,0,30,0,0,13.0,0,0,"[20, 40)",Mr,0,0,1
350,0,3,1,10,0,2,24.15,2,0,"[0, 20)",Miss,0,0,1
351,0,3,0,27,0,0,7.8958001,0,0,"[20, 40)",Mr,1,0,0
352,0,3,0,21,0,0,7.7333002,0,0,"[20, 40)",Mr,0,1,0
353,0,3,0,29,0,0,7.875,0,0,"[20, 40)",Mr,0,0,1
354,0,3,1,28,1,1,14.4,2,0,"[20, 40)",Mrs,0,0,1
355,0,3,0,18,1,1,20.2125,2,0,"[0, 20)",Mr,0,0,1
356,0,3,0,30,0,0,7.25,0,0,"[20, 40)",Mr,0,0,1
357,1,2,1,28,1,0,26.0,1,1,"[20, 40)",Mrs,0,0,1
358,1,2,1,19,0,0,26.0,0,0,"[0, 20)",Miss,0,0,1
359,0,3,0,35,0,0,7.75,0,0,"[20, 40)",Mr,0,1,0
360,1,3,0,32,0,0,8.0500002,0,0,"[20, 40)",Mr,0,0,1
361,1,1,0,28,0,0,26.549999,0,0,"[20, 40)",Mr,0,0,1
362,1,3,1,26,1,0,16.1,1,1,"[20, 40)",Mrs,0,0,1
363,1,2,1,42,1,0,26.0,1,1,"[40, 60)",Mrs,0,0,1
364,0,3,0,17,0,0,7.125,0,0,"[0, 20)",Mr,0,0,1
365,0,1,0,50,1,0,55.900002,1,1,"[40, 60)",Mr,0,0,1
366,1,1,1,14,1,2,120.0,3,0,"[0, 20)",Miss,0,0,1
367,0,3,1,21,2,2,34.375,4,0,"[20, 40)",Miss,0,0,1
368,1,2,1,24,2,3,18.75,5,0,"[20, 40)",Mrs,0,0,1
369,0,1,0,64,1,4,263.0,5,0,"[60, 80)",Mr,0,0,1
370,0,2,0,31,0,0,10.5,0,0,"[20, 40)",Mr,0,0,1
371,1,2,1,45,1,1,26.25,2,0,"[40, 60)",Mrs,0,0,1
372,0,3,0,20,0,0,9.5,0,0,"[20, 40)",Mr,0,0,1
373,0,3,0,25,1,0,7.7750001,1,1,"[20, 40)",Mr,0,0,1
374,1,2,1,28,0,0,13.0,0,0,"[20, 40)",Miss,0,0,1
375,1,3,0,23,0,0,8.1125002,0,0,"[20, 40)",Mr,0,0,1
376,1,1,0,4,0,2,81.858299,2,0,"[0, 20)",Master,0,0,1
377,1,2,1,13,0,1,19.5,1,1,"[0, 20)",Miss,0,0,1
378,1,1,0,34,0,0,26.549999,0,0,"[20, 40)",Mr,0,0,1
379,1,3,1,5,2,1,19.258301,3,0,"[0, 20)",Miss,1,0,0
380,1,1,0,52,0,0,30.5,0,0,"[40, 60)",Valued Profession,0,0,1
381,0,2,0,36,1,2,27.75,3,0,"[20, 40)",Mr,0,0,1
382,0,3,0,23,1,0,19.9667,1,1,"[20, 40)",Mr,0,0,1
383,0,1,0,30,0,0,27.75,0,0,"[20, 40)",Mr,1,0,0
384,1,1,0,49,1,0,89.104202,1,1,"[40, 60)",Mr,1,0,0
385,0,3,0,30,0,0,8.0500002,0,0,"[20, 40)",Mr,0,0,1
386,1,3,0,29,0,0,7.8958001,0,0,"[20, 40)",Mr,1,0,0
387,0,1,0,65,0,0,26.549999,0,0,"[60, 80)",Mr,0,0,1
388,1,1,1,43,1,0,51.862499,1,1,"[40, 60)",Mrs,0,0,1
389,1,2,1,50,0,0,10.5,0,0,"[40, 60)",Miss,0,0,1
390,0,3,0,35,0,0,7.75,0,0,"[20, 40)",Mr,0,1,0
391,1,1,0,48,0,0,26.549999,0,0,"[40, 60)",Mr,0,0,1
392,0,3,0,34,0,0,8.0500002,0,0,"[20, 40)",Mr,0,0,1
393,0,1,0,47,0,0,38.5,0,0,"[40, 60)",Mr,0,0,1
394,0,2,0,48,0,0,13.0,0,0,"[40, 60)",Mr,0,0,1
395,0,3,0,30,0,0,8.0500002,0,0,"[20, 40)",Mr,0,0,1
396,0,3,0,38,0,0,7.0500002,0,0,"[20, 40)",Mr,0,0,1
397,0,2,0,35,0,0,0.0,0,0,"[20, 40)",Mr,0,0,1
398,0,1,0,56,0,0,26.549999,0,0,"[40, 60)",Mr,0,0,1
399,0,3,0,20,0,0,7.7249999,0,0,"[20, 40)",Mr,0,1,0
400,1,3,1,0,2,1,19.258301,3,0,"[0, 20)",Miss,1,0,0
401,0,3,0,30,0,0,7.25,0,0,"[20, 40)",Mr,0,0,1
402,0,3,0,38,0,0,8.6625004,0,0,"[20, 40)",Mr,0,0,1
403,1,2,1,33,1,2,27.75,3,0,"[20, 40)",Mrs,0,0,1
404,1,2,1,23,0,0,13.7917,0,0,"[20, 40)",Mrs,1,0,0
405,0,3,1,22,0,0,9.8374996,0,0,"[20, 40)",Miss,0,0,1
406,0,1,0,44,0,0,52.0,0,0,"[40, 60)",Mr,0,0,1
407,0,2,0,34,1,0,21.0,1,1,"[20, 40)",Mr,0,0,1
408,0,3,0,29,1,0,7.0458002,1,1,"[20, 40)",Mr,0,0,1
409,0,3,0,22,0,0,7.5208001,0,0,"[20, 40)",Mr,0,0,1
410,1,3,1,2,0,1,12.2875,1,1,"[0, 20)",Miss,0,0,1
411,0,3,0,9,5,2,46.900002,7,0,"[0, 20)",Master,0,0,1
412,0,2,0,35,0,0,0.0,0,0,"[20, 40)",Mr,0,0,1
413,0,3,0,50,0,0,8.0500002,0,0,"[40, 60)",Mr,0,0,1
414,1,3,1,63,0,0,9.5874996,0,0,"[60, 80)",Mrs,0,0,1
415,1,1,0,25,1,0,91.079201,1,1,"[20, 40)",Mr,1,0,0
416,0,3,1,6,3,1,25.4667,4,0,"[0, 20)",Miss,0,0,1
417,1,1,1,35,1,0,90.0,1,1,"[20, 40)",Mrs,0,0,1
418,0,1,0,58,0,0,29.700001,0,0,"[40, 60)",Mr,1,0,0
419,0,3,0,30,0,0,8.0500002,0,0,"[20, 40)",Mr,0,0,1
420,1,3,0,9,1,1,15.9,2,0,"[0, 20)",Master,0,0,1
421,0,3,0,23,1,0,19.9667,1,1,"[20, 40)",Mr,0,0,1
422,0,3,0,21,0,0,7.25,0,0,"[20, 40)",Mr,0,0,1
423,0,1,0,55,0,0,30.5,0,0,"[40, 60)",Mr,0,0,1
424,0,1,0,71,0,0,49.5042,0,0,"[60, 80)",Mr,1,0,0
425,0,3,0,21,0,0,8.0500002,0,0,"[20, 40)",Mr,0,0,1
426,0,3,0,17,0,0,14.4583,0,0,"[0, 20)",Mr,1,0,0
427,1,1,1,54,1,0,78.266701,1,1,"[40, 60)",Miss,1,0,0
428,0,3,0,26,0,0,15.1,0,0,"[20, 40)",Mr,0,0,1
429,0,1,1,25,1,2,151.55,3,0,"[20, 40)",Mrs,0,0,1
430,0,3,0,24,0,0,7.7958002,0,0,"[20, 40)",Mr,0,0,1
431,0,3,0,17,0,0,8.6625004,0,0,"[0, 20)",Mr,0,0,1
432,0,3,1,21,0,0,7.75,0,0,"[20, 40)",Miss,0,1,0
433,0,3,1,26,0,0,7.6292,0,0,"[20, 40)",Miss,0,1,0
434,0,3,1,37,0,0,9.5874996,0,0,"[20, 40)",Miss,0,0,1
435,1,1,1,16,0,0,86.5,0,0,"[0, 20)",Miss,0,0,1
436,0,1,0,18,1,0,108.9,1,1,"[0, 20)",Mr,1,0,0
437,1,2,1,33,0,2,26.0,2,0,"[20, 40)",Mrs,0,0,1
438,1,1,0,49,0,0,26.549999,0,0,"[40, 60)",Mr,0,0,1
439,0,3,0,28,0,0,22.525,0,0,"[20, 40)",Mr,0,0,1
440,1,3,0,26,0,0,56.4958,0,0,"[20, 40)",Mr,0,0,1
441,1,3,0,29,0,0,7.75,0,0,"[20, 40)",Mr,0,1,0
442,0,3,0,30,0,0,8.0500002,0,0,"[20, 40)",Mr,0,0,1
443,1,1,0,36,0,0,26.2875,0,0,"[20, 40)",Mr,0,0,1
444,1,1,1,54,1,0,59.400002,1,1,"[40, 60)",Mrs,1,0,0
445,0,3,0,24,0,0,7.4958,0,0,"[20, 40)",Mr,0,0,1
446,0,1,0,47,0,0,34.020802,0,0,"[40, 60)",Mr,0,0,1
447,1,2,1,34,0,0,10.5,0,0,"[20, 40)",Mrs,0,0,1
448,0,3,0,34,0,0,24.15,0,0,"[20, 40)",Mr,0,1,0
449,1,2,1,36,1,0,26.0,1,1,"[20, 40)",Mrs,0,0,1
450,0,3,0,32,0,0,7.8958001,0,0,"[20, 40)",Mr,0,0,1
451,1,1,1,30,0,0,93.5,0,0,"[20, 40)",Miss,0,0,1
452,0,3,0,22,0,0,7.8958001,0,0,"[20, 40)",Mr,0,0,1
453,0,3,0,29,0,0,7.2249999,0,0,"[20, 40)",Mr,1,0,0
454,1,1,1,44,0,1,57.979198,1,1,"[40, 60)",Mrs,1,0,0
455,0,3,0,22,0,0,7.2291999,0,0,"[20, 40)",Mr,1,0,0
456,0,3,0,40,0,0,7.75,0,0,"[40, 60)",Mr,0,1,0
457,1,2,1,50,0,0,10.5,0,0,"[40, 60)",Miss,0,0,1
458,0,1,0,38,0,0,221.77921,0,0,"[20, 40)",Mr,0,0,1
459,0,3,0,39,0,0,7.9250002,0,0,"[20, 40)",Mr,0,0,1
460,0,2,0,23,2,1,11.5,3,0,"[20, 40)",Mr,0,0,1
461,1,2,1,2,1,1,26.0,2,0,"[0, 20)",Miss,0,0,1
462,0,3,0,22,0,0,7.2291999,0,0,"[20, 40)",Mr,1,0,0
463,0,3,0,17,1,1,7.2291999,2,0,"[0, 20)",Mr,1,0,0
464,1,3,1,6,0,2,22.358299,2,0,"[0, 20)",Mrs,1,0,0
465,1,2,1,29,0,0,10.5,0,0,"[20, 40)",Mrs,0,0,1
466,0,3,0,19,0,0,8.1583004,0,0,"[0, 20)",Mr,0,0,1
467,1,3,1,17,4,2,7.9250002,6,0,"[0, 20)",Miss,0,0,1
468,0,3,0,26,2,0,8.6625004,2,0,"[20, 40)",Mr,0,0,1
469,0,2,0,32,0,0,10.5,0,0,"[20, 40)",Mr,0,0,1
470,0,3,1,16,5,2,46.900002,7,0,"[0, 20)",Miss,0,0,1
471,0,2,0,21,0,0,73.5,0,0,"[20, 40)",Mr,0,0,1
472,0,3,0,26,1,0,14.4542,1,1,"[20, 40)",Mr,1,0,0
473,1,3,0,32,0,0,56.4958,0,0,"[20, 40)",Mr,0,0,1
474,0,3,0,25,0,0,7.6500001,0,0,"[20, 40)",Mr,0,0,1
475,0,3,0,27,0,0,7.8958001,0,0,"[20, 40)",Mr,0,0,1
476,0,3,0,30,0,0,8.0500002,0,0,"[20, 40)",Mr,0,0,1
477,1,2,0,0,0,2,29.0,2,0,"[0, 20)",Master,0,0,1
478,1,3,1,30,0,0,12.475,0,0,"[20, 40)",Miss,0,0,1
479,0,3,0,22,0,0,9.0,0,0,"[20, 40)",Mr,0,0,1
480,1,3,0,29,0,0,9.5,0,0,"[20, 40)",Mr,0,0,1
481,1,3,1,23,0,0,7.7874999,0,0,"[20, 40)",Miss,0,1,0
482,0,1,0,28,0,0,47.099998,0,0,"[20, 40)",Mr,0,0,1
483,1,2,1,17,0,0,10.5,0,0,"[0, 20)",Miss,0,0,1
484,1,3,1,33,3,0,15.85,3,0,"[20, 40)",Mrs,0,0,1
485,0,3,0,16,1,3,34.375,4,0,"[0, 20)",Mr,0,0,1
486,0,3,0,30,0,0,8.0500002,0,0,"[20, 40)",Mr,0,0,1
487,1,1,1,23,3,2,263.0,5,0,"[20, 40)",Miss,0,0,1
488,0,3,0,24,0,0,8.0500002,0,0,"[20, 40)",Mr,0,0,1
489,0,3,0,29,0,0,8.0500002,0,0,"[20, 40)",Mr,0,0,1
490,0,3,0,20,0,0,7.8541999,0,0,"[20, 40)",Mr,0,0,1
491,0,1,0,46,1,0,61.174999,1,1,"[40, 60)",Mr,0,0,1
492,0,3,0,26,1,2,20.575001,3,0,"[20, 40)",Mr,0,0,1
493,0,3,0,59,0,0,7.25,0,0,"[40, 60)",Mr,0,0,1
494,0,3,0,30,0,0,8.0500002,0,0,"[20, 40)",Mr,0,0,1
495,0,1,0,71,0,0,34.654202,0,0,"[60, 80)",Mr,1,0,0
496,1,1,0,23,0,1,63.358299,1,1,"[20, 40)",Mr,1,0,0
497,1,2,1,34,0,1,23.0,1,1,"[20, 40)",Mrs,0,0,1
498,0,2,0,34,1,0,26.0,1,1,"[20, 40)",Mr,0,0,1
499,0,3,1,28,0,0,7.8958001,0,0,"[20, 40)",Miss,0,0,1
500,0,3,0,27,0,0,7.8958001,0,0,"[20, 40)",Mr,0,0,1
501,0,1,0,21,0,1,77.287498,1,1,"[20, 40)",Mr,0,0,1
502,0,3,0,33,0,0,8.6541996,0,0,"[20, 40)",Mr,0,0,1
503,0,3,0,37,2,0,7.9250002,2,0,"[20, 40)",Mr,0,0,1
504,0,3,0,28,0,0,7.8958001,0,0,"[20, 40)",Mr,0,0,1
505,1,3,1,21,0,0,7.6500001,0,0,"[20, 40)",Miss,0,0,1
506,1,3,0,28,0,0,7.7750001,0,0,"[20, 40)",Mr,0,0,1
507,0,3,0,38,0,0,7.8958001,0,0,"[20, 40)",Mr,0,0,1
508,1,3,1,34,1,0,24.15,1,1,"[20, 40)",Miss,0,1,0
509,0,1,0,47,0,0,52.0,0,0,"[40, 60)",Mr,0,0,1
510,0,3,1,14,1,0,14.4542,1,1,"[0, 20)",Miss,1,0,0
511,0,3,0,22,0,0,8.0500002,0,0,"[20, 40)",Mr,0,0,1
512,0,3,1,20,1,0,9.8249998,1,1,"[20, 40)",Miss,0,0,1
513,0,3,1,17,0,0,14.4583,0,0,"[0, 20)",Miss,1,0,0
514,0,3,0,21,0,0,7.9250002,0,0,"[20, 40)",Mr,0,0,1
515,0,3,0,70,0,0,7.75,0,0,"[60, 80)",Mr,0,1,0
516,0,2,0,29,1,0,21.0,1,1,"[20, 40)",Mr,0,0,1
517,0,1,0,24,0,1,247.5208,1,1,"[20, 40)",Mr,1,0,0
518,0,3,1,2,4,2,31.275,6,0,"[0, 20)",Miss,0,0,1
519,0,2,0,21,2,0,73.5,2,0,"[20, 40)",Mr,0,0,1
520,0,3,0,30,0,0,8.0500002,0,0,"[20, 40)",Mr,0,0,1
521,0,2,0,32,1,0,30.070801,1,1,"[20, 40)",Mr,1,0,0
522,1,2,1,32,0,0,13.0,0,0,"[20, 40)",Miss,0,0,1
523,0,1,0,54,0,1,77.287498,1,1,"[40, 60)",Mr,0,0,1
524,1,3,0,12,1,0,11.2417,1,1,"[0, 20)",Master,1,0,0
525,0,3,0,35,0,0,7.75,0,0,"[20, 40)",Mr,0,1,0
526,1,3,0,24,0,0,7.1416998,0,0,"[20, 40)",Mr,0,0,1
527,1,3,1,25,1,1,22.358299,2,0,"[20, 40)",Miss,1,0,0
528,0,3,0,45,0,0,6.9749999,0,0,"[40, 60)",Mr,0,0,1
529,0,3,0,33,0,0,7.8958001,0,0,"[20, 40)",Mr,1,0,0
530,0,3,0,20,0,0,7.0500002,0,0,"[20, 40)",Mr,0,0,1
531,0,3,1,47,1,0,14.5,1,1,"[40, 60)",Mrs,0,0,1
532,1,2,1,29,1,0,26.0,1,1,"[20, 40)",Mrs,0,0,1
533,0,3,1,30,0,0,8.6625004,0,0,"[20, 40)",Miss,0,0,1
534,1,2,1,7,0,2,26.25,2,0,"[0, 20)",Miss,0,0,1
535,0,1,0,45,0,0,26.549999,0,0,"[40, 60)",Valued Profession,0,0,1
536,1,1,1,30,0,0,106.425,0,0,"[20, 40)",Miss,1,0,0
537,0,3,0,23,0,0,14.5,0,0,"[20, 40)",Mr,0,0,1
538,1,1,1,22,0,2,49.5,2,0,"[20, 40)",Miss,1,0,0
539,1,1,1,36,0,2,71.0,2,0,"[20, 40)",Miss,0,0,1
540,0,3,1,9,4,2,31.275,6,0,"[0, 20)",Miss,0,0,1
541,0,3,1,11,4,2,31.275,6,0,"[0, 20)",Miss,0,0,1
542,1,2,0,32,1,0,26.0,1,1,"[20, 40)",Mr,0,0,1
543,0,1,0,50,1,0,106.425,1,1,"[40, 60)",Mr,1,0,0
544,0,1,0,64,0,0,26.0,0,0,"[60, 80)",Mr,0,0,1
545,1,2,1,19,1,0,26.0,1,1,"[0, 20)",Mrs,0,0,1
546,1,2,0,32,0,0,13.8625,0,0,"[20, 40)",Mr,1,0,0
547,0,3,0,33,1,1,20.525,2,0,"[20, 40)",Mr,0,0,1
548,1,2,0,8,1,1,36.75,2,0,"[0, 20)",Master,0,0,1
549,1,1,0,17,0,2,110.8833,2,0,"[0, 20)",Mr,1,0,0
550,0,2,0,27,0,0,26.0,0,0,"[20, 40)",Mr,0,0,1
551,0,3,0,26,0,0,7.8291998,0,0,"[20, 40)",Mr,0,1,0
552,1,3,0,22,0,0,7.2249999,0,0,"[20, 40)",Mr,1,0,0
553,1,3,1,22,0,0,7.7750001,0,0,"[20, 40)",Miss,0,0,1
554,0,1,0,62,0,0,26.549999,0,0,"[60, 80)",Mr,0,0,1
555,1,1,1,48,1,0,39.599998,1,1,"[40, 60)",Valued Profession,1,0,0
556,0,1,0,38,0,0,227.52499,0,0,"[20, 40)",Mr,1,0,0
557,1,1,1,39,1,1,79.650002,2,0,"[20, 40)",Mrs,0,0,1
558,1,3,1,36,1,0,17.4,1,1,"[20, 40)",Mrs,0,0,1
559,0,3,0,35,0,0,7.75,0,0,"[20, 40)",Mr,0,1,0
560,0,3,0,40,0,0,7.8958001,0,0,"[40, 60)",Mr,0,0,1
561,0,2,0,28,0,0,13.5,0,0,"[20, 40)",Mr,0,0,1
562,0,3,0,30,0,0,8.0500002,0,0,"[20, 40)",Mr,0,0,1
563,0,3,1,30,0,0,8.0500002,0,0,"[20, 40)",Miss,0,0,1
564,0,3,0,24,2,0,24.15,2,0,"[20, 40)",Mr,0,0,1
565,0,3,0,19,0,0,7.8958001,0,0,"[0, 20)",Mr,0,0,1
566,0,3,1,29,0,4,21.075001,4,0,"[20, 40)",Mrs,0,0,1
567,0,3,0,22,0,0,7.2291999,0,0,"[20, 40)",Mr,1,0,0
568,1,3,0,32,0,0,7.8541999,0,0,"[20, 40)",Mr,0,0,1
569,1,2,0,62,0,0,10.5,0,0,"[60, 80)",Mr,0,0,1
570,1,1,1,53,2,0,51.479198,2,0,"[40, 60)",Mrs,0,0,1
571,1,1,0,36,0,0,26.387501,0,0,"[20, 40)",Mr,0,0,1
572,1,3,1,35,0,0,7.75,0,0,"[20, 40)",Miss,0,1,0
573,0,3,0,16,0,0,8.0500002,0,0,"[0, 20)",Mr,0,0,1
574,0,3,0,19,0,0,14.5,0,0,"[0, 20)",Mr,0,0,1
575,1,2,1,34,0,0,13.0,0,0,"[20, 40)",Miss,0,0,1
576,1,1,1,39,1,0,55.900002,1,1,"[20, 40)",Mrs,0,0,1
577,0,3,1,19,1,0,14.4583,1,1,"[0, 20)",Mrs,1,0,0
578,1,3,0,32,0,0,7.9250002,0,0,"[20, 40)",Mr,0,0,1
579,1,2,1,25,1,1,30.0,2,0,"[20, 40)",Miss,0,0,1
580,1,1,1,39,1,1,110.8833,2,0,"[20, 40)",Mrs,1,0,0
581,0,2,0,54,0,0,26.0,0,0,"[40, 60)",Mr,0,0,1
582,0,1,0,36,0,0,40.125,0,0,"[20, 40)",Mr,1,0,0
583,0,3,0,29,0,0,8.7124996,0,0,"[20, 40)",Mr,1,0,0
584,1,1,1,18,0,2,79.650002,2,0,"[0, 20)",Miss,0,0,1
585,0,2,0,47,0,0,15.0,0,0,"[40, 60)",Mr,0,0,1
586,1,1,0,60,1,1,79.199997,2,0,"[60, 80)",Mr,1,0,0
587,0,3,0,22,0,0,8.0500002,0,0,"[20, 40)",Mr,0,0,1
588,0,3,0,30,0,0,8.0500002,0,0,"[20, 40)",Mr,0,0,1
589,0,3,0,35,0,0,7.125,0,0,"[20, 40)",Mr,0,0,1
590,1,1,1,52,1,0,78.266701,1,1,"[40, 60)",Mrs,1,0,0
591,0,3,0,47,0,0,7.25,0,0,"[40, 60)",Mr,0,0,1
592,0,3,1,27,0,2,7.75,2,0,"[20, 40)",Miss,0,1,0
593,0,2,0,37,1,0,26.0,1,1,"[20, 40)",Mr,0,0,1
594,0,3,0,36,1,1,24.15,2,0,"[20, 40)",Mr,0,0,1
595,1,2,1,26,0,0,33.0,0,0,"[20, 40)",Miss,0,0,1
596,0,3,0,49,0,0,0.0,0,0,"[40, 60)",Mr,0,0,1
597,0,3,0,29,0,0,7.2249999,0,0,"[20, 40)",Mr,1,0,0
598,1,1,0,49,1,0,56.929199,1,1,"[40, 60)",Valued Profession,1,0,0
599,1,2,1,24,2,1,27.0,3,0,"[20, 40)",Mrs,0,0,1
600,0,3,0,27,0,0,7.8958001,0,0,"[20, 40)",Mr,0,0,1
601,0,1,0,37,0,0,42.400002,0,0,"[20, 40)",Mr,0,0,1
602,0,3,0,44,0,0,8.0500002,0,0,"[40, 60)",Mr,0,0,1
603,1,1,0,35,0,0,26.549999,0,0,"[20, 40)",Mr,1,0,0
604,0,3,0,36,1,0,15.55,1,1,"[20, 40)",Mr,0,0,1
605,0,3,0,30,0,0,7.8958001,0,0,"[20, 40)",Mr,0,0,1
606,1,1,0,27,0,0,30.5,0,0,"[20, 40)",Mr,0,0,1
607,1,2,1,22,1,2,41.579201,3,0,"[20, 40)",Mrs,1,0,0
608,1,1,1,40,0,0,153.46249,0,0,"[40, 60)",Miss,0,0,1
609,0,3,1,39,1,5,31.275,6,0,"[20, 40)",Mrs,0,0,1
610,0,3,0,28,0,0,7.0500002,0,0,"[20, 40)",Mr,0,0,1
611,1,3,1,33,1,0,15.5,1,1,"[20, 40)",Miss,0,1,0
612,0,3,0,35,0,0,7.75,0,0,"[20, 40)",Mr,0,1,0
613,0,3,0,35,0,0,8.0500002,0,0,"[20, 40)",Mr,0,0,1
614,1,2,1,24,1,2,65.0,3,0,"[20, 40)",Miss,0,0,1
615,0,3,0,34,1,1,14.4,2,0,"[20, 40)",Mr,0,0,1
616,0,3,1,26,1,0,16.1,1,1,"[20, 40)",Mrs,0,0,1
617,1,2,1,4,2,1,39.0,3,0,"[0, 20)",Miss,0,0,1
618,0,2,0,26,0,0,10.5,0,0,"[20, 40)",Mr,0,0,1
619,0,3,0,27,1,0,14.4542,1,1,"[20, 40)",Mr,1,0,0
620,1,1,0,42,1,0,52.554199,1,1,"[40, 60)",Mr,0,0,1
621,1,3,0,20,1,1,15.7417,2,0,"[20, 40)",Mr,1,0,0
622,0,3,0,21,0,0,7.8541999,0,0,"[20, 40)",Mr,0,0,1
623,0,3,0,21,0,0,16.1,0,0,"[20, 40)",Mr,0,0,1
624,0,1,0,61,0,0,32.320801,0,0,"[60, 80)",Mr,0,0,1
625,0,2,0,57,0,0,12.35,0,0,"[40, 60)",Valued Profession,0,1,0
626,1,1,1,21,0,0,77.958298,0,0,"[20, 40)",Miss,0,0,1
627,0,3,0,26,0,0,7.8958001,0,0,"[20, 40)",Mr,0,0,1
628,0,3,0,20,0,0,7.7333002,0,0,"[20, 40)",Mr,0,1,0
629,1,1,0,80,0,0,30.0,0,0,,Mr,0,0,1
630,0,3,0,51,0,0,7.0542002,0,0,"[40, 60)",Mr,0,0,1
631,1,1,0,32,0,0,30.5,0,0,"[20, 40)",Valued Profession,1,0,0
632,0,1,0,39,0,0,0.0,0,0,"[20, 40)",Mr,0,0,1
633,0,3,1,9,3,2,27.9,5,0,"[0, 20)",Miss,0,0,1
634,1,2,1,28,0,0,13.0,0,0,"[20, 40)",Miss,0,0,1
635,0,3,0,32,0,0,7.9250002,0,0,"[20, 40)",Mr,0,0,1
636,0,2,0,31,1,1,26.25,2,0,"[20, 40)",Mr,0,0,1
637,0,3,1,41,0,5,39.6875,5,0,"[40, 60)",Mrs,0,0,1
638,0,3,0,26,1,0,16.1,1,1,"[20, 40)",Mr,0,0,1
639,0,3,0,20,0,0,7.8541999,0,0,"[20, 40)",Mr,0,0,1
640,1,1,1,24,0,0,69.300003,0,0,"[20, 40)",Miss,1,0,0
641,0,3,1,2,3,2,27.9,5,0,"[0, 20)",Miss,0,0,1
642,1,3,0,29,0,0,56.4958,0,0,"[20, 40)",Mr,0,0,1
643,1,3,1,0,2,1,19.258301,3,0,"[0, 20)",Miss,1,0,0
644,1,1,0,48,1,0,76.729202,1,1,"[40, 60)",Mr,1,0,0
645,0,3,0,19,0,0,7.8958001,0,0,"[0, 20)",Mr,0,0,1
646,1,1,0,56,0,0,35.5,0,0,"[40, 60)",Valued Profession,1,0,0
647,0,3,0,32,0,0,7.5500002,0,0,"[20, 40)",Mr,0,0,1
648,1,3,1,23,0,0,7.5500002,0,0,"[20, 40)",Miss,0,0,1
649,0,3,0,27,0,0,7.8958001,0,0,"[20, 40)",Mr,0,0,1
650,1,2,1,18,0,1,23.0,1,1,"[0, 20)",Miss,0,0,1
651,0,3,0,21,0,0,8.4333,0,0,"[20, 40)",Mr,0,0,1
652,1,3,1,26,0,0,7.8291998,0,0,"[20, 40)",Miss,0,1,0
653,0,3,1,18,0,0,6.75,0,0,"[0, 20)",Miss,0,1,0
654,0,2,0,24,2,0,73.5,2,0,"[20, 40)",Mr,0,0,1
655,0,3,0,27,0,0,7.8958001,0,0,"[20, 40)",Mr,0,0,1
656,0,3,1,32,1,1,15.5,2,0,"[20, 40)",Mrs,0,1,0
657,0,2,0,23,0,0,13.0,0,0,"[20, 40)",Mr,0,0,1
658,0,1,0,58,0,2,113.275,2,0,"[40, 60)",Mr,1,0,0
659,1,1,0,50,2,0,133.64999,2,0,"[40, 60)",Valued Profession,0,0,1
660,0,3,0,40,0,0,7.2249999,0,0,"[40, 60)",Mr,1,0,0
661,0,1,0,47,0,0,25.5875,0,0,"[40, 60)",Mr,0,0,1
662,0,3,0,36,0,0,7.4958,0,0,"[20, 40)",Mr,0,0,1
663,1,3,0,20,1,0,7.9250002,1,1,"[20, 40)",Mr,0,0,1
664,0,2,0,32,2,0,73.5,2,0,"[20, 40)",Mr,0,0,1
665,0,2,0,25,0,0,13.0,0,0,"[20, 40)",Mr,0,0,1
666,0,3,0,28,0,0,7.7750001,0,0,"[20, 40)",Mr,0,0,1
667,0,3,0,43,0,0,8.0500002,0,0,"[40, 60)",Mr,0,0,1
668,1,1,1,39,1,0,52.0,1,1,"[20, 40)",Mrs,0,0,1
669,1,2,1,40,1,1,39.0,2,0,"[40, 60)",Mrs,0,0,1
670,0,1,0,31,1,0,52.0,1,1,"[20, 40)",Mr,0,0,1
671,0,2,0,70,0,0,10.5,0,0,"[60, 80)",Mr,0,0,1
672,1,2,0,31,0,0,13.0,0,0,"[20, 40)",Mr,0,0,1
673,0,2,0,35,0,0,0.0,0,0,"[20, 40)",Mr,0,0,1
674,0,3,0,18,0,0,7.7750001,0,0,"[0, 20)",Mr,0,0,1
675,0,3,0,24,0,0,8.0500002,0,0,"[20, 40)",Mr,0,0,1
676,1,3,1,18,0,0,9.8416996,0,0,"[0, 20)",Miss,0,0,1
677,0,3,1,43,1,6,46.900002,7,0,"[40, 60)",Mrs,0,0,1
678,1,1,0,36,0,1,512.32922,1,1,"[20, 40)",Mr,1,0,0
679,0,3,1,23,0,0,8.1374998,0,0,"[20, 40)",Miss,0,1,0
680,1,1,0,27,0,0,76.729202,0,0,"[20, 40)",Mr,1,0,0
681,0,3,0,20,0,0,9.2250004,0,0,"[20, 40)",Mr,0,0,1
682,0,3,0,14,5,2,46.900002,7,0,"[0, 20)",Mr,0,0,1
683,0,2,0,60,1,1,39.0,2,0,"[60, 80)",Mr,0,0,1
684,0,2,0,25,1,2,41.579201,3,0,"[20, 40)",Mr,1,0,0
685,0,3,0,14,4,1,39.6875,5,0,"[0, 20)",Mr,0,0,1
686,0,3,0,19,0,0,10.1708,0,0,"[0, 20)",Mr,0,0,1
687,0,3,0,18,0,0,7.7958002,0,0,"[0, 20)",Mr,0,0,1
688,1,1,1,15,0,1,211.33749,1,1,"[0, 20)",Miss,0,0,1
689,1,1,0,31,1,0,57.0,1,1,"[20, 40)",Mr,0,0,1
690,1,3,1,4,0,1,13.4167,1,1,"[0, 20)",Miss,1,0,0
691,1,3,0,29,0,0,56.4958,0,0,"[20, 40)",Mr,0,0,1
692,0,3,0,25,0,0,7.2249999,0,0,"[20, 40)",Mr,1,0,0
693,0,1,0,60,0,0,26.549999,0,0,"[60, 80)",Valued Profession,0,0,1
694,0,2,0,52,0,0,13.5,0,0,"[40, 60)",Mr,0,0,1
695,0,3,0,44,0,0,8.0500002,0,0,"[40, 60)",Mr,0,0,1
696,1,3,1,20,0,0,7.7333002,0,0,"[20, 40)",Miss,0,1,0
697,0,1,0,49,1,1,110.8833,2,0,"[40, 60)",Mr,1,0,0
698,0,3,0,42,0,0,7.6500001,0,0,"[40, 60)",Mr,0,0,1
699,1,1,1,18,1,0,227.52499,1,1,"[0, 20)",Mrs,1,0,0
700,1,1,0,35,0,0,26.2875,0,0,"[20, 40)",Mr,0,0,1
701,0,3,1,18,0,1,14.4542,1,1,"[0, 20)",Miss,1,0,0
702,0,3,0,25,0,0,7.7417002,0,0,"[20, 40)",Mr,0,1,0
703,0,3,0,26,1,0,7.8541999,1,1,"[20, 40)",Mr,0,0,1
704,0,2,0,39,0,0,26.0,0,0,"[20, 40)",Mr,0,0,1
705,1,2,1,45,0,0,13.5,0,0,"[40, 60)",Mrs,0,0,1
706,1,1,0,42,0,0,26.2875,0,0,"[40, 60)",Mr,0,0,1
707,1,1,1,22,0,0,151.55,0,0,"[20, 40)",Miss,0,0,1
708,1,3,0,17,1,1,15.2458,2,0,"[0, 20)",Master,1,0,0
709,1,1,1,24,0,0,49.5042,0,0,"[20, 40)",Miss,1,0,0
710,0,1,0,49,0,0,26.549999,0,0,"[40, 60)",Mr,0,0,1
711,1,1,0,48,1,0,52.0,1,1,"[40, 60)",Mr,0,0,1
712,0,3,0,29,0,0,9.4833002,0,0,"[20, 40)",Mr,0,0,1
713,0,2,0,52,0,0,13.0,0,0,"[40, 60)",Mr,0,0,1
714,0,3,0,19,0,0,7.6500001,0,0,"[0, 20)",Mr,0,0,1
715,1,1,1,38,0,0,227.52499,0,0,"[20, 40)",Miss,1,0,0
716,1,2,1,27,0,0,10.5,0,0,"[20, 40)",Miss,0,0,1
717,0,3,0,26,0,0,15.5,0,0,"[20, 40)",Mr,0,1,0
718,0,3,0,33,0,0,7.7750001,0,0,"[20, 40)",Mr,0,0,1
719,1,2,1,6,0,1,33.0,1,1,"[0, 20)",Miss,0,0,1
720,0,3,0,17,1,0,7.0542002,1,1,"[0, 20)",Mr,0,0,1
721,0,2,0,34,0,0,13.0,0,0,"[20, 40)",Mr,0,0,1
722,0,2,0,50,0,0,13.0,0,0,"[40, 60)",Mr,0,0,1
723,1,1,0,27,1,0,53.099998,1,1,"[20, 40)",Mr,0,0,1
724,0,3,0,20,0,0,8.6625004,0,0,"[20, 40)",Mr,0,0,1
725,1,2,1,30,3,0,21.0,3,0,"[20, 40)",Mrs,0,0,1
726,1,3,1,20,0,0,7.7375002,0,0,"[20, 40)",Miss,0,1,0
727,0,2,0,25,1,0,26.0,1,1,"[20, 40)",Mr,0,0,1
728,0,3,1,25,1,0,7.9250002,1,1,"[20, 40)",Miss,0,0,1
729,1,1,1,29,0,0,211.33749,0,0,"[20, 40)",Miss,0,0,1
730,0,3,0,11,0,0,18.7875,0,0,"[0, 20)",Mr,1,0,0
731,0,2,0,35,0,0,0.0,0,0,"[20, 40)",Mr,0,0,1
732,0,2,0,23,0,0,13.0,0,0,"[20, 40)",Mr,0,0,1
733,0,2,0,23,0,0,13.0,0,0,"[20, 40)",Mr,0,0,1
734,0,3,0,28,0,0,16.1,0,0,"[20, 40)",Mr,0,0,1
735,0,3,1,48,1,3,34.375,4,0,"[40, 60)",Mrs,0,0,1
736,1,1,0,35,0,0,512.32922,0,0,"[20, 40)",Mr,1,0,0
737,0,3,0,27,0,0,7.8958001,0,0,"[20, 40)",Mr,0,0,1
738,0,3,0,27,0,0,7.8958001,0,0,"[20, 40)",Mr,0,0,1
739,1,1,0,35,0,0,30.0,0,0,"[20, 40)",Mr,0,0,1
740,0,1,0,36,1,0,78.849998,1,1,"[20, 40)",Mr,0,0,1
741,1,1,1,21,2,2,262.375,4,0,"[20, 40)",Miss,1,0,0
742,0,3,0,24,1,0,16.1,1,1,"[20, 40)",Mr,0,0,1
743,1,3,0,31,0,0,7.9250002,0,0,"[20, 40)",Mr,0,0,1
744,0,1,0,70,1,1,71.0,2,0,"[60, 80)",Valued Profession,0,0,1
745,0,3,0,16,1,1,20.25,2,0,"[0, 20)",Mr,0,0,1
746,1,2,1,30,0,0,13.0,0,0,"[20, 40)",Miss,0,0,1
747,0,1,0,19,1,0,53.099998,1,1,"[0, 20)",Mr,0,0,1
748,0,3,0,31,0,0,7.75,0,0,"[20, 40)",Mr,0,1,0
749,1,2,1,4,1,1,23.0,2,0,"[0, 20)",Miss,0,0,1
750,1,3,0,6,0,1,12.475,1,1,"[0, 20)",Master,0,0,1
751,0,3,0,33,0,0,9.5,0,0,"[20, 40)",Mr,0,0,1
752,0,3,0,23,0,0,7.8958001,0,0,"[20, 40)",Mr,0,0,1
753,1,2,1,48,1,2,65.0,3,0,"[40, 60)",Mrs,0,0,1
754,1,2,0,0,1,1,14.5,2,0,"[0, 20)",Master,0,0,1
755,0,3,0,28,0,0,7.7958002,0,0,"[20, 40)",Mr,0,0,1
756,0,2,0,18,0,0,11.5,0,0,"[0, 20)",Mr,0,0,1
757,0,3,0,34,0,0,8.0500002,0,0,"[20, 40)",Mr,0,0,1
758,1,1,1,33,0,0,86.5,0,0,"[20, 40)",Valued Profession,0,0,1
759,0,3,0,23,0,0,14.5,0,0,"[20, 40)",Mr,0,0,1
760,0,3,0,41,0,0,7.125,0,0,"[40, 60)",Mr,0,0,1
761,1,3,0,20,0,0,7.2291999,0,0,"[20, 40)",Mr,1,0,0
762,1,1,1,36,1,2,120.0,3,0,"[20, 40)",Mrs,0,0,1
763,0,3,0,16,0,0,7.7750001,0,0,"[0, 20)",Mr,0,0,1
764,1,1,1,51,1,0,77.958298,1,1,"[40, 60)",Mrs,0,0,1
765,0,1,0,38,0,0,39.599998,0,0,"[20, 40)",Valued Profession,1,0,0
766,0,3,1,30,0,0,7.75,0,0,"[20, 40)",Miss,0,1,0
767,0,3,0,34,1,0,24.15,1,1,"[20, 40)",Mr,0,1,0
768,0,3,0,32,0,0,8.3625002,0,0,"[20, 40)",Mr,0,0,1
769,0,3,0,24,0,0,9.5,0,0,"[20, 40)",Mr,0,0,1
770,0,3,0,48,0,0,7.8541999,0,0,"[40, 60)",Mr,0,0,1
771,0,2,1,57,0,0,10.5,0,0,"[40, 60)",Mrs,0,0,1
772,0,3,0,29,0,0,7.2249999,0,0,"[20, 40)",Mr,1,0,0
773,1,2,1,54,1,3,23.0,4,0,"[40, 60)",Mrs,0,0,1
774,0,3,0,18,0,0,7.75,0,0,"[0, 20)",Mr,0,0,1
775,0,3,0,35,0,0,7.75,0,0,"[20, 40)",Mr,0,1,0
776,1,3,1,5,0,0,12.475,0,0,"[0, 20)",Miss,0,0,1
777,0,3,0,20,0,0,7.7375002,0,0,"[20, 40)",Mr,0,1,0
778,1,1,1,43,0,1,211.33749,1,1,"[40, 60)",Mrs,0,0,1
779,1,3,1,13,0,0,7.2291999,0,0,"[0, 20)",Miss,1,0,0
780,1,1,1,17,1,0,57.0,1,1,"[0, 20)",Mrs,0,0,1
781,0,1,0,29,0,0,30.0,0,0,"[20, 40)",Mr,0,0,1
782,0,3,0,18,1,2,23.450001,3,0,"[0, 20)",Mr,0,0,1
783,0,3,0,25,0,0,7.0500002,0,0,"[20, 40)",Mr,0,0,1
784,0,3,0,25,0,0,7.25,0,0,"[20, 40)",Mr,0,0,1
785,1,3,1,18,0,0,7.4958,0,0,"[0, 20)",Miss,0,0,1
786,0,3,0,8,4,1,29.125,5,0,"[0, 20)",Master,0,1,0
787,1,3,0,1,1,2,20.575001,3,0,"[0, 20)",Master,0,0,1
788,0,1,0,46,0,0,79.199997,0,0,"[40, 60)",Mr,1,0,0
789,0,3,0,35,0,0,7.75,0,0,"[20, 40)",Mr,0,1,0
790,0,2,0,16,0,0,26.0,0,0,"[0, 20)",Mr,0,0,1
791,0,3,1,11,8,2,69.550003,10,0,"[0, 20)",Miss,0,0,1
792,0,1,0,52,0,0,30.695801,0,0,"[40, 60)",Mr,1,0,0
793,0,3,0,25,0,0,7.8958001,0,0,"[20, 40)",Mr,0,0,1
794,0,2,0,39,0,0,13.0,0,0,"[20, 40)",Mr,0,0,1
795,1,1,1,49,0,0,25.929199,0,0,"[40, 60)",Valued Profession,0,0,1
796,1,3,1,31,0,0,8.6833,0,0,"[20, 40)",Mrs,0,0,1
797,0,3,0,30,0,0,7.2291999,0,0,"[20, 40)",Mr,1,0,0
798,0,3,1,30,1,1,24.15,2,0,"[20, 40)",Mrs,0,0,1
799,0,2,0,34,0,0,13.0,0,0,"[20, 40)",Mr,0,0,1
800,1,2,1,31,1,1,26.25,2,0,"[20, 40)",Mrs,0,0,1
801,1,1,0,11,1,2,120.0,3,0,"[0, 20)",Master,0,0,1
802,1,3,0,0,0,1,8.5166998,1,1,"[0, 20)",Master,1,0,0
803,1,3,0,27,0,0,6.9749999,0,0,"[20, 40)",Mr,0,0,1
804,0,3,0,31,0,0,7.7750001,0,0,"[20, 40)",Mr,0,0,1
805,0,1,0,39,0,0,0.0,0,0,"[20, 40)",Mr,0,0,1
806,0,3,1,18,0,0,7.7750001,0,0,"[0, 20)",Miss,0,0,1
807,0,2,0,39,0,0,13.0,0,0,"[20, 40)",Mr,0,0,1
808,1,1,1,33,1,0,53.099998,1,1,"[20, 40)",Mrs,0,0,1
809,0,3,0,26,0,0,7.8874998,0,0,"[20, 40)",Mr,0,0,1
810,0,3,0,39,0,0,24.15,0,0,"[20, 40)",Mr,0,0,1
811,0,2,0,35,0,0,10.5,0,0,"[20, 40)",Mr,0,0,1
812,0,3,1,6,4,2,31.275,6,0,"[0, 20)",Miss,0,0,1
813,0,3,0,30,0,0,8.0500002,0,0,"[20, 40)",Mr,0,0,1
814,0,1,0,39,0,0,0.0,0,0,"[20, 40)",Mr,0,0,1
815,0,3,1,23,0,0,7.9250002,0,0,"[20, 40)",Miss,0,0,1
816,0,2,0,31,1,1,37.0042,2,0,"[20, 40)",Mr,1,0,0
817,0,3,0,43,0,0,6.4499998,0,0,"[40, 60)",Mr,0,0,1
818,0,3,0,10,3,2,27.9,5,0,"[0, 20)",Master,0,0,1
819,1,1,1,52,1,1,93.5,2,0,"[40, 60)",Mrs,0,0,1
820,1,3,0,27,0,0,8.6625004,0,0,"[20, 40)",Mr,0,0,1
821,0,1,0,38,0,0,0.0,0,0,"[20, 40)",Valued Profession,0,0,1
822,1,3,1,27,0,1,12.475,1,1,"[20, 40)",Mrs,0,0,1
823,0,3,0,2,4,1,39.6875,5,0,"[0, 20)",Master,0,0,1
824,0,3,0,36,0,0,6.9499998,0,0,"[20, 40)",Mr,0,1,0
825,0,3,0,29,0,0,56.4958,0,0,"[20, 40)",Mr,0,0,1
826,1,2,0,1,0,2,37.0042,2,0,"[0, 20)",Master,1,0,0
827,1,3,0,35,0,0,7.75,0,0,"[20, 40)",Mr,0,1,0
828,1,3,1,15,1,0,14.4542,1,1,"[0, 20)",Mrs,1,0,0
829,1,2,0,0,1,1,18.75,2,0,"[0, 20)",Master,0,0,1
830,0,3,0,22,0,0,7.2291999,0,0,"[20, 40)",Mr,1,0,0
831,0,3,0,23,0,0,7.8541999,0,0,"[20, 40)",Mr,0,0,1
832,0,3,0,18,0,0,8.3000002,0,0,"[0, 20)",Mr,0,0,1
833,1,1,1,39,1,1,83.158302,2,0,"[20, 40)",Miss,1,0,0
834,0,3,0,21,0,0,8.6625004,0,0,"[20, 40)",Mr,0,0,1
835,0,3,0,30,0,0,8.0500002,0,0,"[20, 40)",Mr,0,0,1
836,1,3,0,32,0,0,56.4958,0,0,"[20, 40)",Mr,0,0,1
837,1,1,0,50,0,0,29.700001,0,0,"[40, 60)",Mr,1,0,0
838,0,3,0,20,0,0,7.9250002,0,0,"[20, 40)",Mr,0,0,1
839,0,2,0,16,0,0,10.5,0,0,"[0, 20)",Mr,0,0,1
840,1,1,1,30,0,0,31.0,0,0,"[20, 40)",Miss,1,0,0
841,0,3,0,34,0,0,6.4375,0,0,"[20, 40)",Mr,1,0,0
842,0,3,0,17,0,0,8.6625004,0,0,"[0, 20)",Mr,0,0,1
843,0,3,0,42,0,0,7.5500002,0,0,"[40, 60)",Mr,0,0,1
844,0,3,0,11,8,2,69.550003,10,0,"[0, 20)",Mr,0,0,1
845,0,3,0,35,0,0,7.8958001,0,0,"[20, 40)",Mr,1,0,0
846,0,2,0,28,0,1,33.0,1,1,"[20, 40)",Valued Profession,0,0,1
847,1,1,1,43,1,0,89.104202,1,1,"[40, 60)",Mrs,1,0,0
848,0,3,0,4,4,2,31.275,6,0,"[0, 20)",Master,0,0,1
849,0,3,0,74,0,0,7.7750001,0,0,"[60, 80)",Mr,0,0,1
850,0,3,1,9,1,1,15.2458,2,0,"[0, 20)",Miss,1,0,0
851,1,1,1,16,0,1,39.400002,1,1,"[0, 20)",Miss,0,0,1
852,0,2,1,44,1,0,26.0,1,1,"[40, 60)",Mrs,0,0,1
853,1,3,1,18,0,1,9.3500004,1,1,"[0, 20)",Mrs,0,0,1
854,1,1,1,45,1,1,164.8667,2,0,"[40, 60)",Mrs,0,0,1
855,1,1,0,51,0,0,26.549999,0,0,"[40, 60)",Mr,0,0,1
856,1,3,1,24,0,3,19.258301,3,0,"[20, 40)",Mrs,1,0,0
857,0,3,0,22,0,0,7.2291999,0,0,"[20, 40)",Mr,1,0,0
858,0,3,0,41,2,0,14.1083,2,0,"[40, 60)",Mr,0,0,1
859,0,2,0,21,1,0,11.5,1,1,"[20, 40)",Mr,0,0,1
860,1,1,1,48,0,0,25.929199,0,0,"[40, 60)",Mrs,0,0,1
861,0,3,1,11,8,2,69.550003,10,0,"[0, 20)",Miss,0,0,1
862,0,2,0,24,0,0,13.0,0,0,"[20, 40)",Mr,0,0,1
863,1,2,1,42,0,0,13.0,0,0,"[40, 60)",Mrs,0,0,1
864,1,2,1,27,1,0,13.8583,1,1,"[20, 40)",Miss,1,0,0
865,0,1,0,31,0,0,50.4958,0,0,"[20, 40)",Mr,0,0,1
866,0,3,0,25,0,0,9.5,0,0,"[20, 40)",Mr,0,0,1
867,1,3,0,4,1,1,11.1333,2,0,"[0, 20)",Master,0,0,1
868,0,3,0,26,0,0,7.8958001,0,0,"[20, 40)",Mr,0,0,1
869,1,1,1,47,1,1,52.554199,2,0,"[40, 60)",Mrs,0,0,1
870,0,1,0,33,0,0,5.0,0,0,"[20, 40)",Mr,0,0,1
871,0,3,0,47,0,0,9.0,0,0,"[40, 60)",Mr,0,0,1
872,1,2,1,28,1,0,24.0,1,1,"[20, 40)",Mrs,1,0,0
873,1,3,1,15,0,0,7.2249999,0,0,"[0, 20)",Miss,1,0,0
874,0,3,0,20,0,0,9.8458004,0,0,"[20, 40)",Mr,0,0,1
875,0,3,0,19,0,0,7.8958001,0,0,"[0, 20)",Mr,0,0,1
876,0,3,0,27,0,0,7.8958001,0,0,"[20, 40)",Mr,0,0,1
877,1,1,1,56,0,1,83.158302,1,1,"[40, 60)",Mrs,1,0,0
878,1,2,1,25,0,1,26.0,1,1,"[20, 40)",Mrs,0,0,1
879,0,3,0,33,0,0,7.8958001,0,0,"[20, 40)",Mr,0,0,1
880,0,3,1,22,0,0,10.5167,0,0,"[20, 40)",Miss,0,0,1
881,0,2,0,28,0,0,10.5,0,0,"[20, 40)",Mr,0,0,1
882,0,3,0,25,0,0,7.0500002,0,0,"[20, 40)",Mr,0,0,1
883,0,3,1,39,0,5,29.125,5,0,"[20, 40)",Mrs,0,1,0
884,0,2,0,27,0,0,13.0,0,0,"[20, 40)",Valued Profession,0,0,1
885,1,1,1,19,0,0,30.0,0,0,"[0, 20)",Miss,0,0,1
886,0,3,1,18,1,2,23.450001,3,0,"[0, 20)",Miss,0,0,1
887,1,1,0,26,0,0,30.0,0,0,"[20, 40)",Mr,1,0,0
888,0,3,0,32,0,0,7.75,0,0,"[20, 40)",Mr,0,1,0
